Epoch,Learner,Loss,Accuracy
0,0,1.2354565858840942,0.569599986076355
0,1,1.207926869392395,0.5817000269889832
0,2,1.2261242866516113,0.5776000022888184
0,3,1.2154375314712524,0.5755000114440918
0,4,1.2546216249465942,0.5677000284194946
1,0,1.2060343027114868,0.5828999876976013
1,1,1.193621039390564,0.579800009727478
1,2,1.217578649520874,0.5830000042915344
1,3,1.2053419351577759,0.5855000019073486
1,4,1.2385112047195435,0.5751000046730042
Epoch,Learner,Loss,Accuracy
